RankingUpdateDate,Ladder,Position,P1_ID,P1_Name,P2_ID,P2_Name
2026-09-05,mixed,12,1084,Stephanie Ko,1085,Richard Liang
2026-08-28,mixed,15,1084,Stephanie Ko,1085,Richard Liang
2026-08-31,mixed,15,1084,Stephanie Ko,1085,Richard Liang
2026-09-01,mixed,15,1084,Stephanie Ko,1085,Richard Liang
2026-09-02,mixed,15,1084,Stephanie Ko,1085,Richard Liang
2026-08-22,mixed,18,1084,Stephanie Ko,1085,Richard Liang
2026-08-24,mixed,18,1084,Stephanie Ko,1085,Richard Liang
2026-08-25,mixed,18,1084,Stephanie Ko,1085,Richard Liang
2026-08-17,mixed,20,1084,Stephanie Ko,1085,Richard Liang
2026-08-20,mixed,20,1084,Stephanie Ko,1085,Richard Liang
2026-08-02,mixed,29,1084,Stephanie Ko,1085,Richard Liang
2026-08-03,mixed,29,1084,Stephanie Ko,1085,Richard Liang
2026-08-05,mixed,29,1084,Stephanie Ko,1085,Richard Liang
2026-08-06,mixed,29,1084,Stephanie Ko,1085,Richard Liang
2026-07-19,mixed,32,1084,Stephanie Ko,1085,Richard Liang
2026-07-21,mixed,32,1084,Stephanie Ko,1085,Richard Liang
2026-07-22,mixed,32,1084,Stephanie Ko,1085,Richard Liang
2026-07-23,mixed,32,1084,Stephanie Ko,1085,Richard Liang
2026-07-27,mixed,34,1084,Stephanie Ko,1085,Richard Liang
2026-07-28,mixed,34,1084,Stephanie Ko,1085,Richard Liang
2026-07-30,mixed,34,1084,Stephanie Ko,1085,Richard Liang
2026-07-30,mixed,34,1084,Stephanie Ko,1085,Richard Liang
2026-05-22,mixed,44,1085,Richard Liang,1084,Stephanie Ko
2026-05-29,mixed,46,1085,Richard Liang,1084,Stephanie Ko
2026-06-02,mixed,46,1085,Richard Liang,1084,Stephanie Ko
2026-06-09,mixed,46,1084,Stephanie Ko,1085,Richard Liang
2026-06-11,mixed,46,1084,Stephanie Ko,1085,Richard Liang
2026-06-05,mixed,48,1085,Richard Liang,1084,Stephanie Ko
2026-06-12,mixed,48,1084,Stephanie Ko,1085,Richard Liang
2026-06-17,mixed,48,1084,Stephanie Ko,1085,Richard Liang
2026-06-18,mixed,48,1084,Stephanie Ko,1085,Richard Liang
2026-06-22,mixed,50,1084,Stephanie Ko,1085,Richard Liang
2026-06-25,mixed,50,1084,Stephanie Ko,1085,Richard Liang
2026-06-25,mixed,50,1084,Stephanie Ko,1085,Richard Liang
2026-06-26,mixed,52,1084,Stephanie Ko,1085,Richard Liang
2026-07-02,mixed,52,1084,Stephanie Ko,1085,Richard Liang
2026-07-03,mixed,54,1084,Stephanie Ko,1085,Richard Liang
2026-07-10,mixed,56,1084,Stephanie Ko,1085,Richard Liang
2026-07-15,mixed,56,1084,Stephanie Ko,1085,Richard Liang
2026-07-16,mixed,56,1084,Stephanie Ko,1085,Richard Liang
2026-05-15,mixed,193,1085,Richard Liang,1084,Stephanie Ko
2026-05-21,mixed,193,1085,Richard Liang,1084,Stephanie Ko
2026-05-14,mixed,197,1085,Richard Liang,1084,Stephanie Ko
